"","X","id","fsecurity","hhsize","female","kids","elderly","black","hispanic","education","employed","married","disability"
"1",1,20180902374300,0,1,0,0,0,0,0,1,2,0,0
"2",2,20180902376700,0,2,2,0,2,2,0,2,1,0,0
"3",3,20180902377600,NA,1,1,0,0,0,0,0,1,0,1
"4",4,20180902377900,1,1,1,0,0,0,0,0,1,0,0
"5",5,20180902378100,0,2,2,0,0,0,0,1,1,0,1
"6",6,20180902378900,7,2,1,0,1,0,0,0,0,0,1
"7",7,20180902384600,0,4,1,2,0,0,0,2,2,2,0
"8",8,20180902388500,NA,2,0,1,0,0,0,1,1,0,0
"9",9,20180902388600,1,2,1,0,0,0,0,0,2,2,1
"10",10,20180902389200,0,1,1,0,1,0,0,0,0,1,0
"11",11,20180902390400,0,3,3,1,0,0,0,1,3,0,0
"12",12,20180902390500,NA,1,1,0,1,0,0,0,1,0,0
"13",13,20180902391200,3,3,2,0,0,0,0,3,3,0,0
"14",14,20180902393500,NA,2,1,0,0,0,0,0,2,2,0
"15",15,20180902393600,0,1,0,0,1,1,0,0,0,0,1
"16",16,20180902394000,1,5,2,3,0,0,5,1,1,2,0
"17",17,20180902394500,0,2,1,0,2,0,0,0,0,2,1
"18",18,20180902394600,0,2,1,0,0,0,0,2,2,2,0
"19",19,20180902396300,0,2,1,0,2,0,0,0,0,2,0
"20",20,20180902396400,NA,3,2,0,0,0,0,1,2,2,0
"21",21,20180902398100,0,3,1,0,0,0,0,0,3,2,0
"22",22,20180902398300,NA,1,0,0,0,0,0,0,1,0,0
"23",23,20180902400900,0,2,1,0,2,0,0,0,2,2,0
"24",24,20180902401600,NA,2,1,0,2,0,0,2,0,2,1
"25",25,20180902401700,0,1,0,0,0,0,0,0,1,0,0
"26",26,20180902403800,0,1,1,0,1,0,0,0,1,0,1
"27",27,20180902405800,NA,1,1,0,0,0,0,1,1,0,0
"28",28,20180902407100,NA,1,1,0,0,0,0,0,1,0,0
"29",29,20180902407500,0,7,2,5,0,0,0,0,1,2,0
"30",30,20180902407900,0,4,3,2,0,0,0,2,2,2,0
"31",31,20180902408500,NA,2,1,0,0,0,2,1,2,2,0
"32",32,20180902409800,0,2,0,0,0,0,2,0,0,0,0
"33",33,20180902410300,0,5,2,2,0,0,0,0,2,2,0
"34",34,20180902411700,0,4,1,2,0,0,0,2,2,2,0
"35",35,20180902412500,0,1,1,0,1,0,0,0,0,1,1
"36",36,20180902413700,0,3,1,0,0,0,0,1,3,2,1
"37",37,20180902414700,2,2,2,0,1,0,0,0,1,0,1
"38",38,20180902415500,NA,2,1,1,0,0,0,1,1,0,0
"39",39,20180902418600,0,4,2,2,0,0,0,2,2,2,0
"40",40,20180902420200,NA,3,1,0,0,0,0,2,2,2,0
"41",41,20180902420400,NA,1,0,0,1,0,0,0,0,0,1
"42",42,20180902421700,0,2,1,0,2,0,1,0,1,2,1
"43",43,20180902424100,0,2,1,0,2,0,0,1,0,2,0
"44",44,20180902425100,NA,2,1,0,0,0,0,0,2,0,0
"45",45,20180902427100,NA,4,1,1,0,0,0,0,3,2,0
"46",46,20180902427300,NA,4,2,1,0,0,0,0,4,2,0
"47",47,20180902427400,NA,1,1,0,1,0,0,0,0,0,1
"48",48,20180902429500,NA,2,1,0,0,0,2,0,1,2,0
"49",49,20180902429900,0,1,1,0,1,0,0,1,1,0,0
"50",50,20180902430400,0,1,1,0,1,0,0,1,2,0,0
"51",51,20180902431200,NA,3.4,4,2,0,0,0,2,2,0,0
"52",52,20180902431900,NA,3,2,0,0,0,0,2,2,2,0
"53",53,20180902432400,0,1,1,0,1,1,0,1,0,0,0
"54",54,20180902432600,0,2,1,0,0,0,2,0,1,0,0
"55",55,20180902432900,0,4,1,2,0,0,4,2,2,2,0
"56",56,20180902433100,NA,2,0,0,0,0,0,1,2,0,0
"57",57,20180902433600,0,3,1,1,0,0,0,2,2,2,0
"58",58,20180902434600,NA,2,0,0,0,0,0,0,2,0,0
"59",59,20180902435100,NA,10,7,0,2,0,0,5,4,4,0
"60",60,20180902435300,NA,2,1,0,2,0,0,2,0,2,0
"61",61,20180902437200,NA,2,1,0,0,0,0,0,2,2,0
"62",62,20180902438400,0,2,1,0,1,0,0,0,2,0,0
"63",63,20180902442500,2,2,2,0,1,0,0,0,1,0,0
"64",64,20180902444600,0,1,0,0,1,1,0,0,0,0,0
"65",65,20181002372800,0,2,1,0,0,0,0,1,2,2,0
"66",66,20181002373500,NA,1,1,0,0,0,0,1,1,0,0
"67",67,20181002374100,9,1,1,0,0,0,0,0,0,0,1
"68",68,20181002374800,0,4,1,2,0,0,0,2,2,2,0
"69",69,20181002375400,NA,2,1,0,0,0,0,2,2,2,0
"70",70,20181002375600,NA,3,2,0,0,0,0,1,3,0,0
"71",71,20181002379000,NA,3.4,3,3,0,0,5,0,1,2,0
"72",72,20181002380000,0,1,0,0,0,0,0,1,1,0,0
"73",73,20181002380100,0,2,1,0,2,0,0,1,0,2,0
"74",74,20181002381500,NA,1,1,0,0,0,0,0,1,0,0
"75",75,20181002382800,0,5,2,3,0,0,0,1,2,2,0
"76",76,20181002386200,0,3,2,2,0,0,0,0,2,0,0
"77",77,20181002387100,NA,2,1,0,0,0,0,2,1,2,1
"78",78,20181002387400,0,2,1,0,0,0,0,2,2,2,0
"79",79,20181002389000,0,1,0,0,1,0,0,0,0,0,0
"80",80,20181002389300,NA,4,3,2,0,0,0,0,1,2,0
"81",81,20181002391200,0,1,0,0,0,0,0,0,1,0,1
"82",82,20181002392000,NA,4,2,2,0,0,4,0,1,2,0
"83",83,20181002392700,0,1,1,0,0,0,0,0,0,0,1
"84",84,20181002393400,0,1,1,0,1,0,0,1,0,0,0
"85",85,20181002393800,0,5,2,3,0,0,0,0,1,2,0
"86",86,20181002397000,0,3,1,1,0,0,0,2,2,2,0
"87",87,20181002397700,0,1,0,0,1,0,0,0,0,0,0
"88",88,20181002399500,0,1,1,0,1,0,0,1,0,0,1
"89",89,20181002399800,0,3,1,0,2,0,0,0,1,2,0
"90",90,20181002400100,0,1,0,0,1,0,0,1,0,0,1
"91",91,20181002400600,0,5,3,2,0,0,0,1,3,2,0
"92",92,20181002401900,1,1,1,0,1,0,0,0,0,0,1
"93",93,20181002402300,NA,2,1,0,2,0,0,1,2,0,0
"94",94,20181002405000,0,2,1,0,0,0,0,2,2,2,1
"95",95,20181002407800,0,1,1,0,1,0,0,0,0,0,0
"96",96,20181002407900,0,1,1,0,1,0,0,0,0,0,0
"97",97,20181002408900,0,2,1,0,0,0,0,1,1,2,0
"98",98,20181002409100,0,1,0,0,0,0,0,1,1,0,0
"99",99,20181002409200,3,3,1,1,0,0,3,0,0,2,0
"100",100,20181002409300,0,2,1,0,1,0,0,1,2,2,0
"101",101,20181002410600,0,7,5,1,0,0,0,1,4,2,0
"102",102,20181002410800,0,1,0,0,0,0,0,0,1,0,0
"103",103,20181002411000,NA,1,1,0,1,0,0,0,0,0,0
"104",104,20181002414800,0,2,1,0,0,0,0,0,2,2,0
"105",105,20181002415000,0,1,1,0,0,0,0,0,1,0,0
"106",106,20181002419400,0,2,1,0,0,0,0,2,2,2,0
"107",107,20181002419500,0,1,1,0,1,0,0,0,0,0,0
"108",108,20181002420100,0,2,1,0,0,0,0,2,2,2,0
"109",109,20181002421900,0,1,0,0,0,0,0,2,2,0,0
"110",110,20181002422900,0,1,0,0,0,0,0,1,1,0,0
"111",111,20181002424400,NA,1,1,0,0,0,0,0,0,0,0
"112",112,20181002426400,0,2,1,0,2,0,0,2,0,2,0
"113",113,20181002427100,0,2,2,0,0,0,0,2,2,0,0
"114",114,20181002428800,0,7,2,4,0,0,7,0,3,2,0
"115",115,20181002429400,0,2,1,0,0,0,0,1,2,2,0
"116",116,20181002430500,0,1,1,0,1,0,0,0,0,0,0
"117",117,20181002430600,NA,2,1,0,1,0,0,0,1,0,0
"118",118,20181002431000,NA,4,3,0,0,0,4,1,4,2,0
"119",119,20181002431300,0,1,1,0,1,0,0,1,0,0,0
"120",120,20181002432400,0,3,3,2,0,0,0,0,1,0,0
"121",121,20181002433200,NA,1,1,0,1,0,0,0,0,0,1
"122",122,20181002433300,0,4,1,0,0,0,0,1,4,2,0
"123",123,20181002433400,0,2,1,0,0,0,0,0,1,2,0
"124",124,20181002433900,0,4,2,2,0,0,0,2,2,2,0
"125",125,20181002435500,0,1,0,0,0,0,0,1,1,0,0
"126",126,20181002435700,0,2,1,0,0,0,0,2,2,2,0
"127",127,20181002436800,0,1,0,0,0,0,1,1,1,0,0
"128",128,20181002436900,0,1,0,0,0,0,0,1,1,0,0
"129",129,20181002439200,0,5,2,3,0,0,0,0,2,2,0
"130",130,20181002440000,0,2,1,0,1,0,2,1,1,0,1
"131",131,20181002441000,0,4,2,2,0,0,0,2,2,2,0
"132",132,20181002441600,0,1,1,0,1,0,0,0,0,0,0
"133",133,20181002442600,NA,1,1,0,1,0,0,0,0,0,1
"134",134,20181002444000,0,4,1,2,0,0,0,2,2,2,0
"135",135,20181102383200,NA,2.5,2,0,0,0,0,1,4,2,0
"136",136,20181102384000,NA,2,1,0,0,0,2,0,1,2,0
"137",137,20181102385400,0,1,1,0,0,0,0,0,0,0,0
"138",138,20181102386000,0,5,1,2,1,0,0,2,2,2,1
"139",139,20181102387000,NA,1,1,0,0,0,0,0,1,0,0
"140",140,20181102387400,1,4,2,2,0,0,0,0,1,2,0
"141",141,20181102388600,0,1,0,0,0,0,0,0,1,0,0
"142",142,20181102389500,0,1,0,0,0,0,0,1,1,0,0
"143",143,20181102390800,0,2,1,0,1,0,0,2,1,2,0
"144",144,20181102392400,0,3,2,0,1,0,0,2,2,2,0
"145",145,20181102393100,0,2,1,0,2,0,0,2,0,2,0
"146",146,20181102394200,0,2,1,0,0,0,0,2,2,2,0
"147",147,20181102398400,NA,2,1,0,2,0,0,2,0,2,0
"148",148,20181102398900,0,2,1,0,0,0,0,2,2,2,0
"149",149,20181102399900,0,2,2,0,1,0,0,0,2,0,0
"150",150,20181102400000,NA,2,1,0,1,0,0,0,1,2,0
"151",151,20181102400400,0,2,1,0,0,0,0,0,2,0,0
"152",152,20181102401800,0,4,2,2,1,0,0,0,0,0,1
"153",153,20181102403600,0,2,1,0,1,0,0,1,0,2,0
"154",154,20181102404400,0,2,1,0,1,0,0,0,1,2,0
"155",155,20181102404700,0,2,1,0,2,0,0,2,1,2,1
"156",156,20181102405100,0,4,2,2,0,0,0,1,4,2,0
"157",157,20181102406800,0,2,1,0,0,0,0,1,2,2,0
"158",158,20181102407500,NA,1,1,0,1,0,0,0,0,0,0
"159",159,20181102409600,2,1,1,0,1,0,0,0,0,0,1
"160",160,20181102410900,NA,2,1,0,0,0,0,0,2,2,0
"161",161,20181102411900,0,2,1,0,1,0,0,0,0,2,0
"162",162,20181102412300,0,6,2,4,0,0,0,1,2,2,0
"163",163,20181102413000,0,1,0,0,0,0,0,1,1,0,0
"164",164,20181102413900,0,6,4,4,0,0,0,1,1,2,0
"165",165,20181102414200,0,1,1,0,0,0,0,1,1,0,0
"166",166,20181102414400,NA,3,3,2,0,0,0,0,2,0,1
"167",167,20181102415600,0,2,1,0,0,0,0,1,2,2,0
"168",168,20181102416300,NA,3,1,1,0,0,0,2,2,2,0
"169",169,20181102417600,0,2,1,0,2,0,0,2,0,2,0
"170",170,20181102420400,0,1,1,0,1,0,0,0,0,0,1
"171",171,20181102420700,0,2,1,0,2,0,0,2,2,2,0
"172",172,20181102421700,NA,3,2,1,0,0,0,2,1,2,0
"173",173,20181102423400,NA,1,0,0,0,1,0,0,1,0,0
"174",174,20181102423700,0,2,1,0,1,0,0,2,2,0,0
"175",175,20181102425200,0,2,1,0,2,0,0,1,0,2,0
"176",176,20181102425400,0,1,0,0,0,0,0,0,1,0,0
"177",177,20181102425700,NA,3,2,1,0,0,0,2,2,2,0
"178",178,20181102425900,0,1,0,0,0,0,0,0,0,0,0
"179",179,20181102426200,0,1,0,0,1,0,0,1,0,0,1
"180",180,20181102426400,NA,3.4,3,2,0,0,0,1,3,2,0
"181",181,20181102426500,0,1,1,0,1,0,0,0,0,0,1
"182",182,20181102426600,NA,5,2,2,0,0,4,1,2,2,0
"183",183,20181102427100,0,1,1,0,1,0,0,0,0,0,1
"184",184,20181102427500,NA,2,1,0,0,0,0,2,2,0,0
"185",185,20181102428400,0,2,2,1,0,0,0,1,1,0,0
"186",186,20181102428900,0,3,2,0,2,0,0,2,1,2,0
"187",187,20181102431800,NA,1,1,0,0,0,0,0,1,0,0
"188",188,20181102432700,NA,1,0,0,0,0,0,0,0,0,0
"189",189,20181102433200,0,1,0,0,1,0,0,0,0,0,1
"190",190,20181102433800,NA,5,1,0,0,5,0,2,5,2,0
"191",191,20181102438800,0,2,1,0,0,0,0,0,2,2,0
"192",192,20181102439700,0,2,1,0,0,0,0,1,2,0,0
"193",193,20181102440400,0,1,0,0,0,0,0,0,1,0,0
"194",194,20181102444300,0,1,0,0,1,0,0,0,0,0,0
"195",195,20181102444800,0,1.66666666666667,2,1,0,0,0,0,2,0,0
"196",196,20181102444900,0,2,1,0,0,0,0,2,2,2,0
"197",197,20181102446200,0,2,1,0,2,0,0,1,0,2,1
"198",198,20181102447300,0,2,1,0,0,0,0,2,2,2,0
"199",199,20181102447900,0,2,1,0,0,0,0,1,2,2,0
"200",200,20181102448600,0,4,3,1,0,0,0,0,3,0,0
"201",201,20181102448800,0,2,1,0,1,0,0,1,2,2,1
"202",202,20181102449100,NA,5,2,2,0,0,2,2,3,2,0
"203",203,20181102449600,NA,4,3,3,0,0,0,0,1,0,0
"204",204,20181102450000,0,2,1,0,0,0,0,2,2,0,0
"205",205,20181202383100,0,1,1,0,1,0,0,1,0,0,0
"206",206,20181202384200,NA,3,2,1,0,0,0,2,2,2,0
"207",207,20181202384600,NA,1,1,0,1,0,0,1,0,0,0
"208",208,20181202387000,0,1,1,0,0,0,1,1,1,0,0
"209",209,20181202387800,0,2,1,0,2,0,0,0,0,2,0
"210",210,20181202389200,0,3,1,1,0,0,0,0,3,2,0
"211",211,20181202389500,0,2,1,0,2,0,0,0,0,2,1
"212",212,20181202390100,0,2,1,0,0,0,1,2,1,2,1
"213",213,20181202390200,0,5,2,2,0,0,0,2,4,2,0
"214",214,20181202390600,0,5,3,1,0,0,0,1,4,4,0
"215",215,20181202392400,4,5,4,3,0,0,0,0,1,2,0
"216",216,20181202393000,0,2,1,0,0,0,0,2,2,2,1
"217",217,20181202393300,NA,3,2,1,0,0,0,1,2,2,0
"218",218,20181202396300,0,1,1,0,0,0,0,0,1,0,0
"219",219,20181202397000,0,2,1,0,0,0,0,1,1,2,1
"220",220,20181202398000,0,5,4,3,0,0,0,1,2,2,0
"221",221,20181202399300,NA,1,0,0,1,0,0,0,0,0,1
"222",222,20181202399900,0,3,2,0,1,0,0,3,3,2,0
"223",223,20181202402100,NA,2,1,0,0,0,0,0,2,2,0
"224",224,20181202402300,0,2,1,0,2,0,0,2,1,2,0
"225",225,20181202403100,0,1,0,0,0,0,0,1,1,0,0
"226",226,20181202403800,0,4,3,2,0,0,0,0,1,2,0
"227",227,20181202404400,0,5,2,3,0,0,0,2,2,2,0
"228",228,20181202405100,0,1,0,0,1,0,0,0,0,0,1
"229",229,20181202405500,0,2,1,0,2,0,0,0,0,2,0
"230",230,20181202408500,0,3,1,2,0,0,0,0,1,0,0
"231",231,20181202408800,0,2,1,0,2,0,0,2,1,2,0
"232",232,20181202409600,0,2,1,0,1,0,0,2,2,2,0
"233",233,20181202410800,NA,2,1,0,1,0,0,1,1,2,1
"234",234,20181202413600,NA,4,1,1,0,0,0,2,1,2,0
"235",235,20181202415300,0,2,2,1,0,0,0,1,1,0,0
"236",236,20181202416900,0,10,6,6,0,0,0,0,3,2,0
"237",237,20181202417400,NA,2,1,0,0,0,0,0,2,2,0
"238",238,20181202418000,0,2,1,0,0,0,0,2,2,2,0
"239",239,20181202418400,0,2,1,0,0,0,0,1,2,2,1
"240",240,20181202419000,0,2,1,0,2,0,0,0,1,2,1
"241",241,20181202419500,0,2,1,0,0,0,0,0,2,2,0
"242",242,20181202420900,NA,4,2,2,0,0,0,1,2,2,0
"243",243,20181202421900,0,6,4,4,0,0,0,0,1,2,0
"244",244,20181202423000,NA,1.4,2,0,0,0,0,0,3,0,0
"245",245,20181202423300,0,1,0,0,1,1,0,0,0,0,0
"246",246,20181202423800,0,1,1,0,1,0,0,0,0,0,1
"247",247,20181202425100,NA,4,2,3,0,0,0,0,0,0,0
"248",248,20181202425800,5,5,2,3,0,0,1,0,2,0,0
"249",249,20181202426300,0,2,1,0,0,0,0,2,2,0,0
"250",250,20181202426900,NA,3,1,0,0,0,0,1,2,2,0
"251",251,20181202428700,NA,2,1,0,0,0,0,1,2,0,0
"252",252,20181202429600,0,2,1,0,0,0,0,1,2,0,0
"253",253,20181202429900,2,4,3,2,0,0,0,0,2,2,0
"254",254,20181202430300,0,4,2,2,0,0,0,2,2,2,0
"255",255,20181202431100,0,1,1,0,0,0,0,1,1,0,0
"256",256,20181202433000,NA,2,2,1,0,0,0,1,0,0,0
"257",257,20181202433100,0,1,1,0,0,0,1,1,1,0,0
"258",258,20181202433300,NA,4,2,1,0,0,0,1,4,2,0
"259",259,20181202436700,0,1,1,0,0,0,0,1,2,0,0
"260",260,20181202438200,0,1,1,0,1,0,0,0,0,0,1
"261",261,20181202438800,0,2,1,0,2,0,0,2,1,2,0
"262",262,20181202439000,0,2,1,0,0,0,0,1,1,0,0
"263",263,20181202439300,0,1,0,0,0,0,0,1,1,0,0
"264",264,20181202440700,0,4,1,2,0,0,0,2,2,2,0
"265",265,20181202440900,0,1,0,0,0,0,1,1,2,0,0
"266",266,20181202444800,0,2,1,0,2,0,0,2,0,2,0
"267",267,20181202447000,NA,1,0,0,0,0,0,1,1,1,1
"268",268,20181202448500,0,1,0,0,1,0,0,1,0,0,1
"269",269,20181202448800,NA,2,1,0,0,0,0,0,2,0,1
"270",270,20181202448900,0,1,1,0,1,0,0,0,0,0,1
"271",271,20190302428500,0,1,1,0,0,0,0,2,2,0,0
"272",272,20190902339300,0,5,2,3,0,0,0,1,2,2,0
"273",273,20190902339700,5,2,1,0,0,0,1,2,2,2,0
"274",274,20190902340500,0,2,2,0,1,0,0,0,2,0,1
"275",275,20190902340800,NA,1,1,0,1,0,0,0,0,1,1
"276",276,20190902341600,0,2,1,0,0,0,0,2,1,2,0
"277",277,20190902342200,0,3,1,1,0,0,0,2,2,2,0
"278",278,20190902342500,0,1,1,0,1,0,0,0,1,0,0
"279",279,20190902344800,0,2,1,0,0,0,0,2,2,2,0
"280",280,20190902345400,0,3,2,0,0,0,0,0,1,2,1
"281",281,20190902345900,4,1,1,0,0,0,0,1,0,0,1
"282",282,20190902346000,0,5,2,3,0,5,0,0,2,2,0
"283",283,20190902351900,0,2,1,0,0,0,0,2,2,2,0
"284",284,20190902353200,NA,2,0,0,2,0,0,0,2,0,0
"285",285,20190902354400,NA,1,0,0,0,0,0,0,1,0,0
"286",286,20190902354700,0,1,1,0,1,0,0,0,0,0,0
"287",287,20190902355300,0,1,1,0,1,0,0,0,0,0,0
"288",288,20190902355500,NA,2,1,0,2,0,0,0,0,2,0
"289",289,20190902356400,0,2,1,0,2,0,0,0,0,2,1
"290",290,20190902357400,0,2,1,0,2,0,0,0,0,2,0
"291",291,20190902360300,NA,2,1,0,2,0,0,2,0,2,0
"292",292,20190902360900,0,3,1,1,0,0,0,0,2,2,0
"293",293,20190902361200,0,4,3,2,0,0,0,2,2,0,0
"294",294,20190902361300,0,2,1,0,0,0,0,2,2,2,0
"295",295,20190902363200,NA,1,0,0,0,0,2,0,2,0,0
"296",296,20190902363800,0,1,0,0,0,0,0,0,1,0,0
"297",297,20190902364500,NA,2,1,0,0,0,0,0,2,2,0
"298",298,20190902364700,0,1,1,0,1,0,1,1,0,0,1
"299",299,20190902365900,0,2,1,0,2,0,0,0,0,2,1
"300",300,20190902366100,0,4,2,2,0,0,0,2,1,2,0
"301",301,20190902366500,NA,4,1,2,0,0,0,1,2,2,0
"302",302,20190902369000,0,2,1,0,2,0,0,0,0,2,1
"303",303,20190902369400,0,5,1,3,0,0,0,2,2,2,0
"304",304,20190902371400,0,1,0,0,0,0,0,1,1,0,0
"305",305,20190902371800,0,2,1,0,0,0,0,0,2,2,0
"306",306,20190902373200,0,2,1,0,2,0,0,1,1,2,0
"307",307,20190902375200,0,4,1,2,0,0,0,1,2,2,0
"308",308,20190902375700,0,4,2,2,0,0,0,2,2,2,0
"309",309,20190902376200,0,1,1,0,1,0,0,1,0,0,0
"310",310,20190902376300,0,1,0,0,0,0,0,0,1,0,0
"311",311,20190902376500,NA,4,3,3,0,0,0,0,1,0,1
"312",312,20190902376800,0,1,1,0,0,1,0,0,1,0,0
"313",313,20190902377100,0,2,1,0,1,0,0,0,2,2,0
"314",314,20190902379200,0,2,1,0,0,0,0,0,2,0,0
"315",315,20190902379800,NA,4,2,2,0,0,0,0,2,2,0
"316",316,20190902380300,0,4,1,2,0,0,0,0,2,2,0
"317",317,20190902380900,0,1,1,0,1,0,0,0,0,0,1
"318",318,20190902381600,NA,2,1,0,0,0,0,2,2,2,0
"319",319,20190902382500,0,2,1,0,2,0,0,0,2,2,1
"320",320,20190902382700,NA,4,2,2,0,0,0,2,2,2,0
"321",321,20190902383300,NA,3,1,1,0,0,0,2,1,2,0
"322",322,20190902383900,NA,2,1,0,2,0,0,0,0,2,0
"323",323,20190902384100,0,5,2,2,0,0,0,2,3,2,0
"324",324,20190902385500,1,2,1,0,0,0,0,1,2,0,0
"325",325,20190902386900,0,2,1,0,0,0,0,1,2,0,0
"326",326,20190902387200,7,3,2,0,2,3,0,0,0,2,0
"327",327,20190902387500,0,1,1,0,1,0,0,1,0,0,1
"328",328,20190902390000,0,4,2,2,0,0,0,1,2,2,0
"329",329,20190902390800,0,4,1,2,0,0,0,2,2,2,0
"330",330,20190902393200,0,1,0,0,0,0,0,0,4,0,0
"331",331,20190902395700,0,4,2,0,0,0,0,3,4,2,1
"332",332,20190902396300,0,4,2,2,0,0,0,2,2,2,0
"333",333,20190902396700,NA,2,1,0,0,0,0,1,0,2,1
"334",334,20190902398600,0,2,1,0,0,0,0,1,1,2,0
"335",335,20190902398900,0,2,1,0,2,0,0,2,0,2,1
"336",336,20190902399400,0,2,1,0,2,0,0,2,0,2,1
"337",337,20190902400200,0,2,2,1,0,0,0,1,1,0,0
"338",338,20190902401400,0,2,1,0,0,0,0,0,2,2,0
"339",339,20190902403300,0,3,1,0,2,0,0,0,1,2,0
"340",340,20190902403900,0,1,1,0,0,0,0,1,1,0,0
"341",341,20190902408600,NA,1,0,0,0,0,0,3,0,0,0
"342",342,20191002346200,NA,2,1,0,0,2,0,2,2,2,0
"343",343,20191002348300,0,2,1,0,0,0,0,0,2,2,0
"344",344,20191002351000,3,1,1,0,0,0,0,0,0,0,1
"345",345,20191002351300,0,1,1,0,0,0,0,1,1,0,0
"346",346,20191002352300,4,1,1,0,0,0,0,1,0,0,0
"347",347,20191002352700,0,1,0,0,0,0,0,1,1,0,0
"348",348,20191002352900,0,1,0,0,0,0,0,0,1,0,0
"349",349,20191002353200,0,3,2,1,1,0,0,0,1,2,0
"350",350,20191002353300,0,2,1,0,0,0,0,2,2,0,0
"351",351,20191002354400,0,1,0,0,0,0,0,1,1,0,0
"352",352,20191002354500,0,4,1,3,0,0,0,0,1,0,0
"353",353,20191002354700,0,4,2,2,0,0,0,2,2,2,0
"354",354,20191002354900,0,2,1,0,2,0,0,1,1,2,0
"355",355,20191002355200,0,7,3,2,2,0,0,1,1,2,1
"356",356,20191002357400,0,5,2,3,0,4,0,0,2,0,0
"357",357,20191002358100,NA,2,1,0,0,0,0,2,2,0,0
"358",358,20191002358200,NA,4,4,3,0,0,3,1,1,0,0
"359",359,20191002359200,0,2,1,0,2,0,0,1,0,2,0
"360",360,20191002359500,0,1,0,0,1,0,0,1,0,0,1
"361",361,20191002360300,0,1,0,0,1,0,0,1,0,0,0
"362",362,20191002361000,0,2,1,0,0,0,0,2,2,2,0
"363",363,20191002362400,0,2,1,0,2,0,0,0,2,2,0
"364",364,20191002364200,NA,1.66666666666667,1,0,2,0,0,0,3,2,0
"365",365,20191002364300,0,6,4,4,0,0,0,2,1,2,0
"366",366,20191002364600,0,2,1,0,0,0,0,2,2,2,0
"367",367,20191002365200,0,3,2,1,0,0,0,1,3,2,1
"368",368,20191002368500,NA,2,1,1,0,0,0,1,1,0,1
"369",369,20191002368900,0,3,2,1,0,0,0,2,2,0,0
"370",370,20191002369300,0,2,1,0,2,0,0,0,2,2,0
"371",371,20191002370100,0,1,0,0,0,0,0,0,1,0,0
"372",372,20191002372100,1,1,0,0,0,0,0,0,1,0,1
"373",373,20191002373700,NA,1,0,0,0,0,1,0,1,0,0
"374",374,20191002373900,0,1,1,0,1,0,0,0,0,0,0
"375",375,20191002374000,0,1,1,0,1,0,0,1,0,0,0
"376",376,20191002374500,0,2,1,0,2,0,0,1,0,2,0
"377",377,20191002374600,0,1,1,0,0,0,0,1,1,0,0
"378",378,20191002374800,NA,2,1,0,0,0,0,1,2,2,0
"379",379,20191002376700,0,1,0,0,1,0,0,0,0,0,0
"380",380,20191002377600,NA,2,1,0,0,0,0,2,2,2,0
"381",381,20191002377900,NA,1,0,0,0,0,1,0,1,0,0
"382",382,20191002378500,0,2,1,0,2,0,0,2,2,2,0
"383",383,20191002379900,0,4,2,2,0,0,0,0,2,2,0
"384",384,20191002381800,0,3,2,1,0,0,0,2,2,2,0
"385",385,20191002383600,0,1,0,0,0,0,0,0,1,0,0
"386",386,20191002383700,0,1,1,0,1,0,0,1,0,0,1
"387",387,20191002383800,0,1,1,0,1,0,0,0,0,0,0
"388",388,20191002384300,0,2,1,0,0,0,0,1,2,2,0
"389",389,20191002384700,0,1,0,0,1,0,0,1,0,0,1
"390",390,20191002384800,0,2,1,0,0,0,0,2,2,2,0
"391",391,20191002385000,0,1,0,0,1,0,0,0,0,0,1
"392",392,20191002386500,0,8,3,6,0,0,0,0,3,2,0
"393",393,20191002387800,NA,2,1,0,0,0,0,0,1,2,0
"394",394,20191002388500,NA,1,0,0,0,0,0,0,0,0,1
"395",395,20191002388700,NA,5,2,3,0,0,0,2,2,2,0
"396",396,20191002390300,6,2,2,0,0,0,0,0,0,0,1
"397",397,20191002390700,NA,2,1,0,0,0,0,0,2,0,0
"398",398,20191002391200,0,1,1,0,0,0,1,1,1,0,0
"399",399,20191002391300,0,1,1,0,1,0,0,1,0,0,0
"400",400,20191002391500,NA,1,0,0,0,0,0,1,1,0,0
"401",401,20191002392200,0,2,0,0,1,0,0,0,1,0,0
"402",402,20191002394200,0,4,3,1,0,0,0,1,3,2,0
"403",403,20191002394600,NA,2,1,0,2,0,0,2,0,2,1
"404",404,20191002395500,0,1,1,0,1,0,0,1,1,0,0
"405",405,20191002396400,1,2,1,0,0,0,0,1,1,2,0
"406",406,20191002396800,0,1,1,0,1,0,0,1,1,0,0
"407",407,20191002398400,NA,1,1,0,0,0,0,0,2,0,0
"408",408,20191002400400,0,2,1,0,0,0,1,2,2,2,0
"409",409,20191002402800,0,2,1,0,2,0,0,2,0,2,0
"410",410,20191002403300,0,2,1,0,2,0,0,1,1,2,1
"411",411,20191002404200,NA,1,0,0,0,0,0,1,0,0,0
"412",412,20191002404600,0,2,2,1,0,0,0,1,1,0,0
"413",413,20191002405700,0,1,0,0,0,0,0,1,1,0,0
"414",414,20191002406400,4,1,0,0,0,0,0,0,1,0,0
"415",415,20191002409100,0,6,4,3,0,0,0,1,2,2,0
"416",416,20191002409800,9,7,4,2,1,7,0,1,4,0,0
"417",417,20191002410100,0,3,2,0,0,0,0,1,3,2,0
"418",418,20191002410200,0,2,1,0,0,0,0,1,0,0,0
"419",419,20191002410600,0,2,1,0,2,0,0,0,0,2,1
"420",420,20191002411400,0,3,2,1,0,0,0,2,1,2,0
"421",421,20191002412000,0,3,2,0,0,0,0,2,3,2,0
"422",422,20191002412800,NA,2,1,0,2,0,0,2,0,2,1
"423",423,20191002414800,NA,2,1,0,0,0,0,1,2,2,0
"424",424,20191002415000,0,1,1,0,0,0,0,1,1,0,0
"425",425,20191002415500,0,4,3,2,0,0,0,2,2,2,0
"426",426,20191102346500,0,1,1,0,0,0,0,0,1,0,0
"427",427,20191102346600,0,1,0,0,1,0,0,0,0,0,1
"428",428,20191102347900,0,1,0,0,0,0,0,1,1,0,0
"429",429,20191102348100,0,1,0,0,0,0,0,1,1,0,0
"430",430,20191102350800,0,2,1,0,0,0,0,1,2,2,0
"431",431,20191102351000,2,5,2,2,1,0,5,0,1,2,0
"432",432,20191102354200,0,1,1,0,1,0,0,0,1,0,0
"433",433,20191102354700,0,2,1,0,0,0,0,2,2,0,0
"434",434,20191102355800,0,2,1,0,1,0,0,2,2,2,0
"435",435,20191102356300,0,2,1,0,1,0,0,2,1,2,0
"436",436,20191102357600,NA,2,1,0,0,0,0,2,2,2,0
"437",437,20191102357700,0,1,1,0,0,0,0,0,1,0,0
"438",438,20191102357800,0,2,1,0,2,0,0,1,0,2,0
"439",439,20191102358700,NA,4,3,1,0,0,0,2,2,2,0
"440",440,20191102358900,0,2,1,0,0,0,0,1,1,2,0
"441",441,20191102360400,0,1,0,0,0,0,0,1,1,0,0
"442",442,20191102361000,0,4,2,2,0,0,0,1,3,2,0
"443",443,20191102361400,0,4,3,1,0,0,0,0,3,2,0
"444",444,20191102361900,NA,2,1,0,0,0,0,0,2,2,0
"445",445,20191102363600,7,2,1,0,0,0,0,1,2,0,1
"446",446,20191102363900,0,1,1,0,1,0,0,0,0,0,1
"447",447,20191102365200,NA,2,1,0,2,0,0,0,0,2,0
"448",448,20191102365400,2,6,1,4,0,0,0,2,1,2,0
"449",449,20191102366400,0,2,1,0,0,0,0,2,2,2,0
"450",450,20191102368400,0,2,1,0,0,0,0,0,1,2,1
"451",451,20191102368800,NA,1,0,0,0,0,0,0,0,0,1
"452",452,20191102369400,0,2,1,0,2,0,0,0,2,2,1
"453",453,20191102372300,NA,1,1,0,0,0,0,1,1,0,0
"454",454,20191102375700,1,4,3,3,0,0,0,1,1,0,0
"455",455,20191102377100,0,1,0,0,0,0,0,0,0,0,0
"456",456,20191102377700,0,2,1,0,0,0,0,0,2,0,0
"457",457,20191102378300,0,3,1,0,0,0,0,2,1,2,1
"458",458,20191102378700,0,4,2,1,0,0,0,0,2,2,0
"459",459,20191102379100,0,1,1,0,1,0,0,0,0,0,0
"460",460,20191102379500,NA,1,1,0,0,0,0,1,0,0,0
"461",461,20191102380400,NA,1,0,0,0,0,0,0,1,0,0
"462",462,20191102380700,0,2,1,0,2,0,0,1,1,0,0
"463",463,20191102381000,NA,2,1,0,2,0,0,0,0,2,1
"464",464,20191102381500,0,1,0,0,0,0,0,0,0,0,1
"465",465,20191102382600,0,1,1,0,1,0,0,0,0,0,0
"466",466,20191102384300,0,1,1,0,1,0,0,0,0,0,1
"467",467,20191102385100,0,2,1,0,2,0,0,0,0,2,0
"468",468,20191102386400,0,1,1,0,1,0,0,1,0,0,1
"469",469,20191102386500,0,1,1,0,1,0,0,0,0,1,0
"470",470,20191102387100,NA,1,1,0,0,0,0,1,0,0,0
"471",471,20191102387300,0,1,0,0,1,0,0,0,0,0,0
"472",472,20191102387600,0,3,1,1,0,0,0,2,2,2,0
"473",473,20191102388100,0,1,0,0,0,0,0,1,1,0,0
"474",474,20191102388400,0,1,0,0,0,0,0,0,1,0,0
"475",475,20191102388800,NA,5,3,3,0,0,0,2,2,2,0
"476",476,20191102389200,0,2,1,0,2,0,0,0,0,2,0
"477",477,20191102389600,5,4,3,3,0,0,0,1,1,0,0
"478",478,20191102390800,NA,1,5,0,0,0,0,0,2,0,0
"479",479,20191102391000,0,3,2,1,0,1,0,1,3,2,1
"480",480,20191102391700,0,2,1,0,2,0,0,1,0,2,1
"481",481,20191102392300,0,1,1,0,1,0,0,1,1,0,0
"482",482,20191102392600,NA,1,0,0,0,0,0,0,1,0,0
"483",483,20191102396900,NA,3,1,1,0,0,0,1,2,2,0
"484",484,20191102397400,0,4,0,2,0,0,0,1,2,0,0
"485",485,20191102399700,0,2,1,0,0,0,0,1,2,2,0
"486",486,20191102400000,0,1,0,0,0,0,1,1,1,0,0
"487",487,20191102400300,0,1,0,0,0,0,0,1,1,0,0
"488",488,20191102401200,1,3,2,0,2,0,0,0,1,0,1
"489",489,20191102401400,NA,3,3,2,0,0,0,1,1,0,0
"490",490,20191102401800,0,1,0,0,1,0,0,1,0,0,0
"491",491,20191102402300,NA,2,1,0,0,0,0,0,2,2,0
"492",492,20191102402400,0,3,1,1,0,0,0,0,2,2,0
"493",493,20191102403600,NA,4,2,2,0,0,0,1,2,0,0
"494",494,20191102404200,NA,3,2,2,0,0,0,0,1,0,0
"495",495,20191102405500,0,1,1,0,1,0,0,0,0,0,1
"496",496,20191102405900,0,1,1,0,1,0,0,0,1,0,0
"497",497,20191102406100,0,4,3,2,1,0,0,1,0,2,0
"498",498,20191102407300,0,1,0,0,1,0,0,0,0,0,0
"499",499,20191102410600,0,3,2,0,0,0,3,2,2,2,0
"500",500,20191102413300,0,2,1,0,0,0,0,1,2,0,0
"501",501,20191102415500,NA,1,0,0,1,1,0,0,0,0,0
"502",502,20191102416000,NA,4,3,1,1,0,4,1,2,0,1
"503",503,20191102416700,0,1,1,0,0,0,0,1,0,0,0
"504",504,20191102416800,NA,3.4,2,0,0,0,0,3,3,2,1
"505",505,20191102417200,0,2,1,0,0,0,0,2,1,2,0
"506",506,20191102417900,NA,1,0,0,1,0,0,0,1,0,0
"507",507,20191102418400,NA,4,3,2,0,0,0,0,2,2,0
"508",508,20191202349800,0,3,2,0,1,0,0,1,2,2,1
"509",509,20191202351000,0,5,3,1,0,0,5,0,2,2,0
"510",510,20191202355300,0,1,1,0,1,0,0,0,1,0,0
"511",511,20191202355500,0,3,1,1,0,0,0,2,0,0,0
"512",512,20191202355800,3,1,1,0,0,0,1,0,0,0,1
"513",513,20191202355900,NA,1,0,0,1,0,0,0,1,0,1
"514",514,20191202356200,NA,1,0,0,0,0,1,1,1,0,0
"515",515,20191202357100,0,2,1,0,2,0,0,0,0,2,0
"516",516,20191202357400,NA,3,1,1,2,0,0,0,0,2,1
"517",517,20191202357500,0,2,1,0,1,0,0,0,0,2,0
"518",518,20191202357600,0,2,1,0,1,0,2,1,1,0,0
"519",519,20191202357700,7,1,1,0,1,0,0,0,1,0,1
"520",520,20191202359200,6,1,1,0,1,0,0,0,1,0,1
"521",521,20191202359600,0,6,3,3,0,2,0,2,3,2,1
"522",522,20191202360400,0,3,2,1,0,0,0,1,2,0,0
"523",523,20191202360600,1,2,1,0,0,0,0,0,2,2,0
"524",524,20191202361100,7,3,1,2,0,0,0,0,1,0,0
"525",525,20191202361500,0,2,1,0,2,0,0,0,0,2,0
"526",526,20191202362300,0,2,1,0,0,0,0,2,1,2,0
"527",527,20191202362400,0,2,1,0,0,0,0,1,1,2,1
"528",528,20191202363300,NA,3,2,1,0,0,1,0,2,0,0
"529",529,20191202363500,0,4,2,2,0,0,0,2,3,2,0
"530",530,20191202364200,0,2,1,0,2,0,0,0,0,2,0
"531",531,20191202364600,0,2,1,0,1,0,0,1,1,2,0
"532",532,20191202364900,NA,4,2,1,0,0,0,1,2,2,0
"533",533,20191202365000,0,2,1,0,0,0,0,0,2,2,0
"534",534,20191202365400,0,2,1,0,2,0,0,0,0,2,0
"535",535,20191202365600,0,5,1,3,0,0,0,2,2,2,0
"536",536,20191202366200,NA,2,1,0,0,0,0,0,1,2,0
"537",537,20191202370700,NA,2,1,0,1,0,1,1,1,2,1
"538",538,20191202371200,NA,7,3,6,0,0,0,1,1,1,1
"539",539,20191202371800,0,1,1,0,0,0,0,0,1,0,0
"540",540,20191202372000,0,2,2,0,0,0,0,1,2,0,0
"541",541,20191202372400,NA,4,2,1,0,0,0,2,3,2,0
"542",542,20191202373100,0,2,1,0,0,0,0,2,1,2,0
"543",543,20191202374400,NA,2,1,0,0,0,0,1,2,2,0
"544",544,20191202376700,0,4,3,2,0,0,4,0,2,2,0
"545",545,20191202376800,0,2,1,0,2,0,0,0,0,2,1
"546",546,20191202378700,NA,6,3,4,0,0,0,1,2,2,0
"547",547,20191202379700,0,2,1,0,2,0,0,0,1,2,1
"548",548,20191202380100,0,2,1,0,2,0,0,0,1,2,0
"549",549,20191202380700,0,1,0,0,1,0,0,0,0,0,1
"550",550,20191202381300,0,6,3,2,0,0,0,3,2,2,0
"551",551,20191202381500,0,2,1,0,0,0,0,2,2,2,0
"552",552,20191202382300,4,6,4,5,0,0,0,0,1,0,0
"553",553,20191202382800,NA,4,2,2,0,0,0,1,2,2,0
"554",554,20191202384000,0,2,1,0,1,0,0,0,1,2,0
"555",555,20191202385300,NA,2,1,0,0,0,0,0,0,0,1
"556",556,20191202387200,NA,2,1,0,0,0,0,0,1,2,0
"557",557,20191202391700,NA,1,1,0,1,0,0,0,0,0,0
"558",558,20191202392200,NA,2,1,0,2,0,0,0,0,2,1
"559",559,20191202393000,NA,2,1,0,0,0,0,2,2,2,0
"560",560,20191202393900,NA,1,0,0,0,0,0,1,1,0,1
"561",561,20191202394400,4,1,0,0,0,0,0,0,1,0,0
"562",562,20191202395100,0,3,2,1,0,0,0,2,1,2,0
"563",563,20191202397900,NA,1,0,0,1,0,0,0,0,0,0
"564",564,20191202399300,1,1,0,0,0,0,0,0,0,0,1
"565",565,20191202399700,NA,1,1,0,0,0,0,0,2,0,0
"566",566,20191202400900,0,1,1,0,0,0,0,1,1,0,0
"567",567,20191202401200,0,1,2,0,0,0,0,2,2,0,0
"568",568,20191202401600,0,1,0,0,1,0,0,1,0,0,0
"569",569,20191202402300,NA,1,1,0,0,0,0,1,1,0,0
"570",570,20191202402400,0,1,0,0,0,0,0,1,0,0,0
"571",571,20191202403000,0,4,3,2,0,0,0,2,1,2,0
"572",572,20191202404700,NA,4,2,2,0,0,0,2,2,2,0
"573",573,20191202405300,4,1,0,0,0,0,0,0,1,0,0
"574",574,20191202406500,5,3,1,0,2,0,0,2,1,2,1
"575",575,20191202407600,NA,2,1,0,0,0,0,0,2,2,0
"576",576,20191202408400,0,1,2,0,0,1,0,0,2,0,0
"577",577,20191202409000,0,1,1,0,0,1,0,1,1,0,1
"578",578,20191202411400,3,1,1,0,0,0,0,1,1,0,0
"579",579,20191202412900,0,1.5,0,0,0,0,0,1,2,0,0
"580",580,20191202413200,NA,1,0,0,0,0,0,0,1,0,0
"581",581,20191202413800,3,1,1,0,1,0,0,1,0,0,1
"582",582,20191202415700,0,4,2,2,0,0,0,2,2,2,0
"583",583,20191202416000,0,1,0,0,0,0,0,0,1,0,0
"584",584,20191202416700,0,1,0,0,0,1,0,0,1,0,0
"585",585,20191202416900,0,2,1,0,0,0,0,0,0,1,0
"586",586,20191202418300,0,2,1,0,0,0,0,2,2,2,0
"587",587,20191202418500,NA,2,1,0,2,0,0,0,0,2,1
"588",588,20191202419300,0,2,1,0,0,0,0,2,1,2,0
